[
  {
    "name": "St. Patrick’s Cathedral",
    "activation_date": "12/01/26",
    "image": "assets/armagh_cathedral2.png",
    "details": [
      "**Mass Times**",
      "Monday - Saturday - 10:00 AM",
      "Saturday - 6.30 PM (Sunday Vigil)",
      "Sunday - 11.00 AM, 12.30 PM & 5.30 PM",
      "",
      "**Address**",
      "@@41 Cathedral Road, Armagh, BT61 7QX"
    ]
  },
  {
    "name": "St. Malachy’s Church",
    "image": "assets/st_malachys.png",
    "details": [
      "**Mass Times**",
      "Tuesday - Friday - 8.00 AM",
      "Tuesday 6th - Feast of the Epiphany - 7.30 PM",
      "Mon, Weds, Fri - 7.30 PM",
      "Thurday - Lay Prayer Service - 7.30 PM",
      "Sunday - 8:00 AM, 9.30 AM",
      "**Confessions**",
      "Saturday - 12 noon",
      "",
      "**Address**",
      "@@54 Irish Street, Armagh, BT61 7EP"
    ]
  },
  {
    "name": "Church of the Immaculate Conception",
    "image": "assets/tullysaran.png",
    "details": [
      "**Mass Times**",
      "Sunday - 10.00 AM",
      "Tuesday 6th - Feast of the Epiphany - 10.00 AM",
      "",
      "**Address**",
      "@@12 Milltown Road, Dungannon, BT71 7LJ"
    ]
  },
  {
    "name": "St. Colmcille’s Church",
    "image": "assets/knockaconey2.png",
    "details": [
      "**Mass Times**",
      "Saturday 6.00 PM (Sunday Vigil)",
      "Tuesday 6th - Feast of the Epiphany - 6.00 PM",
      "Thursday 8th - Divine Mercy Mass with Confessions and Chaplet from 7.00 PM",
      "",
      "**Address**",
      "@@18 Knockaconey Road, Armagh, BT61 8DU"
    ]
  }
]
